{
  "0": {
    "head": 1.0,
    "l_hand": 0.7282131314277649,
    "r_hand": 0.6702064275741577,
    "l_leg": 0.4156724512577057,
    "r_leg": 0.4243166446685791
  },
  "1": {
    "head": 1.0,
    "l_hand": 0.7949386239051819,
    "r_hand": 0.7585002183914185,
    "l_leg": 0.31783610582351685,
    "r_leg": 0.2371300458908081
  },
  "2": {
    "head": 1.0,
    "l_hand": 0.8433642387390137,
    "r_hand": 0.6272127628326416,
    "l_leg": 0.17353740334510803,
    "r_leg": 0.21821056306362152
  },
  "3": {
    "head": 1.0,
    "l_hand": 0.72343510389328,
    "r_hand": 0.6652857661247253,
    "l_leg": 0.29821503162384033,
    "r_leg": 0.24128301441669464
  },
  "4": {
    "head": 1.0,
    "l_hand": 0.5382257699966431,
    "r_hand": 0.5194556713104248,
    "l_leg": 0.12918251752853394,
    "r_leg": 0.14289328455924988
  }
}